semaine,nb_offres_total,nb_anonyme,nb_intermediaire,nb_intermediaire_reclasse,nb_employeur_direct,salaire_median_annuel,top_technologie
2026-08-06,552,187,131,21,213,42000.0,Python
2026-08-08,918,321,197,0,400,42000.0,non disponible (CI)
2026-08-09,916,315,197,0,404,42000.0,non disponible (CI)
2026-08-09,916,315,197,0,404,42000.0,non disponible (CI)
2026-08-09,916,315,197,0,404,42000.0,non disponible (CI)
2026-08-10,918,314,197,0,407,42000.0,non disponible (CI)
2026-08-17,960,335,205,0,420,42000.0,non disponible (CI)
2026-08-24,958,348,185,0,425,44000.0,non disponible (CI)
2026-08-31,961,357,189,,415,45000.0,non disponible (CI)
