semaine,offre_id
2026-07-13,0388930
2026-07-13,0412313
2026-07-13,0412786
2026-07-13,0483832
2026-07-13,0962836
2026-07-13,1205837
2026-07-13,1259330
2026-07-13,1473696
2026-07-13,1620026
2026-07-13,1720457
2026-07-13,1762853
2026-07-13,1917824
2026-07-13,1917828
2026-07-13,1918009
2026-07-13,1918180
2026-07-13,1918184
2026-07-13,1918187
2026-07-13,1918195
2026-07-13,1918199
2026-07-13,1918201
2026-07-13,1918204
2026-07-13,1918210
2026-07-13,1918247
2026-07-13,1918329
2026-07-13,1918338
2026-07-13,1918344
2026-07-13,1918351
2026-07-13,1918360
2026-07-13,1918398
2026-07-13,2038805
2026-07-13,203KFZL
2026-07-13,2044499
2026-07-13,204DTZQ
2026-07-13,2056685
2026-07-13,206MMXC
2026-07-13,206RHRP
2026-07-13,206ZGTB
2026-07-13,207YDWX
2026-07-13,208BNFF
2026-07-13,208DHGW
2026-07-13,208DSQG
2026-07-13,208GHBL
2026-07-13,208PGCW
2026-07-13,208QPBG
2026-07-13,208QTJT
2026-07-13,208RYNH
2026-07-13,208RYPH
2026-07-13,208XSBK
2026-07-13,208ZJTH
2026-07-13,209BQHR
2026-07-13,209CJFW
2026-07-13,209HPND
2026-07-13,209HSQC
2026-07-13,209KCSN
2026-07-13,209KNQT
2026-07-13,209LMLZ
2026-07-13,209SPGN
2026-07-13,209TZRK
2026-07-13,209VCCG
2026-07-13,209VKJG
2026-07-13,209WWMK
2026-07-13,209XFLR
2026-07-13,209YFBT
2026-07-13,209ZLVD
2026-07-13,209ZNBJ
2026-07-13,209ZPFG
2026-07-13,209ZRFX
2026-07-13,210BQDK
2026-07-13,210BVNQ
2026-07-13,210CKBZ
2026-07-13,210DWZR
2026-07-13,210DXNQ
2026-07-13,210DZCS
2026-07-13,210FFXM
2026-07-13,210FJKM
2026-07-13,210FJSC
2026-07-13,210FLQL
2026-07-13,210FNBQ
2026-07-13,210GGQB
2026-07-13,210GWWS
2026-07-13,210HBMW
2026-07-13,210HMQP
2026-07-13,210HNXN
2026-07-13,210HNXY
2026-07-13,210HQMV
2026-07-13,210HQYQ
2026-07-13,210HSKT
2026-07-13,210JKLB
2026-07-13,210JKNL
2026-07-13,210JKNT
2026-07-13,210JQWV
2026-07-13,210JZGC
2026-07-13,210KDLP
2026-07-13,210KDMT
2026-07-13,210KDPT
2026-07-13,210KGXK
2026-07-13,210KHBP
2026-07-13,210KJYH
2026-07-13,210KLVF
2026-07-13,210KMXZ
2026-07-13,210KMYJ
2026-07-13,210KNBC
2026-07-13,210KNDQ
2026-07-13,210KNKY
2026-07-13,210KTTD
2026-07-13,210LCDC
2026-07-13,210LFLB
2026-07-13,210LGWN
2026-07-13,210LMPL
2026-07-13,210LNTS
2026-07-13,210MPZW
2026-07-13,210MXQW
2026-07-13,210NHQW
2026-07-13,210NJCZ
2026-07-13,210NMLG
2026-07-13,210NPYJ
2026-07-13,210NWKL
2026-07-13,210NYMX
2026-07-13,210PGYG
2026-07-13,210PSNS
2026-07-13,210PTDP
2026-07-13,210PTGQ
2026-07-13,210QCYK
2026-07-13,210QGBB
2026-07-13,210QHCT
2026-07-13,210QHFB
2026-07-13,210QLWH
2026-07-13,210QQSX
2026-07-13,210QWBL
2026-07-13,210QZHX
2026-07-13,210RPVD
2026-07-13,210SGRW
2026-07-13,210SJNW
2026-07-13,210SSSJ
2026-07-13,210STSZ
2026-07-13,210SWSK
2026-07-13,210TKKH
2026-07-13,210TQNG
2026-07-13,210TRVY
2026-07-13,210TSCK
2026-07-13,210TSQV
2026-07-13,210TYWH
2026-07-13,210VBLP
2026-07-13,210VFXK
2026-07-13,210VLJL
2026-07-13,210VNPC
2026-07-13,210VNPK
2026-07-13,210WCKN
2026-07-13,210WJJM
2026-07-13,210WMMP
2026-07-13,210WPDN
2026-07-13,210WPGF
2026-07-13,210XNHD
2026-07-13,210XXMV
2026-07-13,210YDQC
2026-07-13,210YMHC
2026-07-13,210ZHWG
2026-07-13,210ZQCS
2026-07-13,210ZQZP
2026-07-13,210ZSFT
2026-07-13,211BMTD
2026-07-13,211BNYF
2026-07-13,211BQCT
2026-07-13,211BQPP
2026-07-13,211BQXG
2026-07-13,211BRLZ
2026-07-13,211BVVX
2026-07-13,211BXMP
2026-07-13,211CBYV
2026-07-13,211CFTP
2026-07-13,211CZPN
2026-07-13,211DHGM
2026-07-13,211DYKK
2026-07-13,211FBQK
2026-07-13,211FDMV
2026-07-13,211FFHM
2026-07-13,211FGFP
2026-07-13,211FNNV
2026-07-13,211FTGL
2026-07-13,211GMTS
2026-07-13,211GXXL
2026-07-13,211HCMT
2026-07-13,211HLMJ
2026-07-13,211HRDB
2026-07-13,211HVFG
2026-07-13,2191371
2026-07-13,2294508
2026-07-13,2294509
2026-07-13,2294517
2026-07-13,2349047
2026-07-13,2349052
2026-07-13,2393226
2026-07-13,2395866
2026-07-13,2417170
2026-07-13,2427328
2026-07-13,2427340
2026-07-13,2614504
2026-07-13,2614506
2026-07-13,2676247
2026-07-13,2677082
2026-07-13,2813125
2026-07-13,2849107
2026-07-13,2858211
2026-07-13,2867992
2026-07-13,2888031
2026-07-13,2914385
2026-07-13,2915026
2026-07-13,2991531
2026-07-13,3058696
2026-07-13,3059216
2026-07-13,3155491
2026-07-13,3213073
2026-07-13,3216713
2026-07-13,3219430
2026-07-13,3269925
2026-07-13,3333073
2026-07-13,3353225
2026-07-13,3367589
2026-07-13,3444008
2026-07-13,3444184
2026-07-13,3461497
2026-07-13,3465529
2026-07-13,3488356
2026-07-13,3521356
2026-07-13,3521457
2026-07-13,3535187
2026-07-13,3535229
2026-07-13,3535457
2026-07-13,3539845
2026-07-13,3559396
2026-07-13,3614109
2026-07-13,3617339
2026-07-13,3617352
2026-07-13,3630654
2026-07-13,3632370
2026-07-13,3646938
2026-07-13,3684719
2026-07-13,3684936
2026-07-13,3687902
2026-07-13,3739979
2026-07-13,3740147
2026-07-13,3756656
2026-07-13,3759650
2026-07-13,3769042
2026-07-13,3796405
2026-07-13,3851440
2026-07-13,3858563
2026-07-13,3858709
2026-07-13,3858801
2026-07-13,3873447
2026-07-13,3899576
2026-07-13,3905025
2026-07-13,3922364
2026-07-13,3986707
2026-07-13,3993589
2026-07-13,3998879
2026-07-13,3998900
2026-07-13,4038197
2026-07-13,4052045
2026-07-13,4052198
2026-07-13,4054332
2026-07-13,4066646
2026-07-13,4073272
2026-07-13,4123974
2026-07-13,4130233
2026-07-13,4136733
2026-07-13,4159765
2026-07-13,4163375
2026-07-13,4166360
2026-07-13,4171698
2026-07-13,4171710
2026-07-13,4173147
2026-07-13,4173195
2026-07-13,4196276
2026-07-13,4205074
2026-07-13,4208467
2026-07-13,4208867
2026-07-13,4208880
2026-07-13,4234200
2026-07-13,4235512
2026-07-13,4235947
2026-07-13,4242150
2026-07-13,4252698
2026-07-13,4252939
2026-07-13,4298298
2026-07-13,4298624
2026-07-13,4299819
2026-07-13,4300427
2026-07-13,4309383
2026-07-13,4316555
2026-07-13,4317222
2026-07-13,4317834
2026-07-13,4318145
2026-07-13,4318850
2026-07-13,4319968
2026-07-13,4331006
2026-07-13,4340968
2026-07-13,4341287
2026-07-13,4341625
2026-07-13,4341771
2026-07-13,4349582
2026-07-13,4349585
2026-07-13,4352578
2026-07-13,4361326
2026-07-13,4361327
2026-07-13,4371575
2026-07-13,4381729
2026-07-13,4385037
2026-07-13,4390754
2026-07-13,4390847
2026-07-13,4391353
2026-07-13,4397173
2026-07-13,4398493
2026-07-13,4405813
2026-07-13,4405818
2026-07-13,4414386
2026-07-13,4421129
2026-07-13,4421139
2026-07-13,4421153
2026-07-13,4430312
2026-07-13,4439254
2026-07-13,4470178
2026-07-13,4481288
2026-07-13,4490251
2026-07-13,4492407
2026-07-13,4494635
2026-07-13,4500545
2026-07-13,4506163
2026-07-13,4519878
2026-07-13,4519882
2026-07-13,4520012
2026-07-13,4535554
2026-07-13,4567678
2026-07-13,4570642
2026-07-13,4572153
2026-07-13,4573784
2026-07-13,4575697
2026-07-13,4575793
2026-07-13,4578878
2026-07-13,4579231
2026-07-13,4579382
2026-07-13,4579657
2026-07-13,4579717
2026-07-13,4584452
2026-07-13,4587914
2026-07-13,4589232
2026-07-13,4589233
2026-07-13,4606073
2026-07-13,4606713
2026-07-13,4607015
2026-07-13,4627496
2026-07-13,4630212
2026-07-13,4630425
2026-07-13,4630445
2026-07-13,4630614
2026-07-13,4632418
2026-07-13,4634529
2026-07-13,4634569
2026-07-13,4634732
2026-07-13,4634849
2026-07-13,4635043
2026-07-13,4652126
2026-07-13,4652856
2026-07-13,4653603
2026-07-13,4655816
2026-07-13,4659471
2026-07-13,4673755
2026-07-13,4673763
2026-07-13,4673766
2026-07-13,4679884
2026-07-13,4681860
2026-07-13,4695483
2026-07-13,4695869
2026-07-13,4707856
2026-07-13,4708289
2026-07-13,4710200
2026-07-13,4714514
2026-07-13,4732168
2026-07-13,4734700
2026-07-13,4743160
2026-07-13,4743466
2026-07-13,4746841
2026-07-13,4753821
2026-07-13,4753988
2026-07-13,4754292
2026-07-13,4758998
2026-07-13,4760172
2026-07-13,4768217
2026-07-13,4769669
2026-07-13,4770992
2026-07-13,4772944
2026-07-13,4777773
2026-07-13,4779796
2026-07-13,4782264
2026-07-13,4782396
2026-07-13,4784324
2026-07-13,4784440
2026-07-13,4788390
2026-07-13,4790357
2026-07-13,4790362
2026-07-13,4790390
2026-07-13,4790580
2026-07-13,4790590
2026-07-13,4794796
2026-07-13,4796634
2026-07-13,4801946
2026-07-13,4801962
2026-07-13,4812565
2026-07-13,4812590
2026-07-13,4825299
2026-07-13,4826763
2026-07-13,4828389
2026-07-13,4828426
2026-07-13,4828434
2026-07-13,4828900
2026-07-13,4835234
2026-07-13,4840563
2026-07-13,4851213
2026-07-13,4856286
2026-07-13,4865207
2026-07-13,4865317
2026-07-13,4865814
2026-07-13,4869725
2026-07-13,4871485
2026-07-13,4873310
2026-07-13,4877240
2026-07-13,4877965
2026-07-13,4878074
2026-07-13,4882353
2026-07-13,4883481
2026-07-13,4883872
2026-07-13,4887263
2026-07-13,4887418
2026-07-13,4888512
2026-07-13,4888800
2026-07-13,4888855
2026-07-13,4889129
2026-07-13,4889666
2026-07-13,4889680
2026-07-13,4889731
2026-07-13,4890357
2026-07-13,4890456
2026-07-13,4891361
2026-07-13,4891373
2026-07-13,4892397
2026-07-13,4893651
2026-07-13,4893934
2026-07-13,4898194
2026-07-13,4905904
2026-07-13,4905906
2026-07-13,4906512
2026-07-13,4933945
2026-07-13,4935251
2026-07-13,4935597
2026-07-13,4935793
2026-07-13,4935864
2026-07-13,4935992
2026-07-13,4946509
2026-07-13,4948514
2026-07-13,4948557
2026-07-13,4948575
2026-07-13,4948728
2026-07-13,4951891
2026-07-13,4952678
2026-07-13,4954940
2026-07-13,4961611
2026-07-13,4964225
2026-07-13,4964262
2026-07-13,4967402
2026-07-13,4967460
2026-07-13,4968286
2026-07-13,4970606
2026-07-13,4977686
2026-07-13,5006247
2026-07-13,5006920
2026-07-13,5006991
2026-07-13,5010939
2026-07-13,5011031
2026-07-13,5011206
2026-07-13,5011253
2026-07-13,5016934
2026-07-13,5016941
2026-07-13,5017079
2026-07-13,5018993
2026-07-13,5023662
2026-07-13,5030137
2026-07-13,5030141
2026-07-13,5031587
2026-07-13,5034277
2026-07-13,5039881
2026-07-13,5040462
2026-07-13,5040469
2026-07-13,5040821
2026-07-13,5042242
2026-07-13,5042246
2026-07-13,5042643
2026-07-13,5042771
2026-07-13,5042795
2026-07-13,5044315
2026-07-13,5046104
2026-07-13,5060457
2026-07-13,5060781
2026-07-13,5063013
2026-07-13,5063218
2026-07-13,5063220
2026-07-13,5063232
2026-07-13,5063737
2026-07-13,5064812
2026-07-13,5064813
2026-07-13,5066551
2026-07-13,5066630
2026-07-13,5066631
2026-07-13,5066653
2026-07-13,5067581
2026-07-13,5069015
2026-07-13,5069106
2026-07-13,5069117
2026-07-13,5069119
2026-07-13,5070022
2026-07-13,5072597
2026-07-13,5075929
2026-07-13,5075950
2026-07-13,5075963
2026-07-13,5075964
2026-07-13,5076523
2026-07-13,5076918
2026-07-13,5076954
2026-07-13,5076989
2026-07-13,5077650
2026-07-13,5077654
2026-07-13,5077862
2026-07-13,5077863
2026-07-13,5077945
2026-07-13,5077969
2026-07-13,5077970
2026-07-13,5077978
2026-07-13,5078073
2026-07-13,5078615
2026-07-13,5079403
2026-07-13,5079404
2026-07-13,5081620
2026-07-13,5082543
2026-07-13,6957750
2026-07-13,8229894
2026-07-13,8646384
2026-07-13,8745672
2026-07-13,8813043
2026-07-13,8813533
2026-07-13,8814453
2026-07-13,9329184
2026-07-13,9329595
2026-07-13,9485010
2026-08-24,0020136
2026-08-24,0194951
2026-08-24,0197268
2026-08-24,0412313
2026-08-24,0412786
2026-08-24,0483832
2026-08-24,0990762
2026-08-24,1590204
2026-08-24,1720457
2026-08-24,1762853
2026-08-24,1917828
2026-08-24,1918009
2026-08-24,1918184
2026-08-24,1918195
2026-08-24,1918201
2026-08-24,1918204
2026-08-24,1918210
2026-08-24,1918344
2026-08-24,1918398
2026-08-24,203KFZL
2026-08-24,2044499
2026-08-24,2056685
2026-08-24,206RHRP
2026-08-24,208BNFF
2026-08-24,208GHBL
2026-08-24,208XSBK
2026-08-24,209HPND
2026-08-24,209SPGN
2026-08-24,209VCCG
2026-08-24,210FJKM
2026-08-24,210JQWV
2026-08-24,210LMPL
2026-08-24,210NMLG
2026-08-24,210QQSX
2026-08-24,211BMTD
2026-08-24,211BQXG
2026-08-24,211FDMV
2026-08-24,211LRNF
2026-08-24,211PXTB
2026-08-24,211QRQL
2026-08-24,211SKWW
2026-08-24,211SMNL
2026-08-24,211WGHP
2026-08-24,211WJZR
2026-08-24,211WRGH
2026-08-24,211XZCW
2026-08-24,211YBNX
2026-08-24,212BLXF
2026-08-24,212CBZN
2026-08-24,212CGMW
2026-08-24,212CNQH
2026-08-24,212CWBC
2026-08-24,212DCLY
2026-08-24,212DDCX
2026-08-24,212FHYV
2026-08-24,212FNXX
2026-08-24,212FWFH
2026-08-24,212GGZC
2026-08-24,212GLHJ
2026-08-24,212GLHM
2026-08-24,212GPNC
2026-08-24,212GQYJ
2026-08-24,212GWSB
2026-08-24,212GZGP
2026-08-24,212HGCT
2026-08-24,212HKXC
2026-08-24,212HYKK
2026-08-24,212JBMF
2026-08-24,212JNVS
2026-08-24,212JYML
2026-08-24,212KQNN
2026-08-24,212KTFN
2026-08-24,212KTGB
2026-08-24,212KTGW
2026-08-24,212LMGG
2026-08-24,212LMQZ
2026-08-24,212LQCB
2026-08-24,212MJJP
2026-08-24,212MVQP
2026-08-24,212MXBQ
2026-08-24,212NBNW
2026-08-24,212NFRV
2026-08-24,212NNZK
2026-08-24,212PNNQ
2026-08-24,212PSWJ
2026-08-24,212PWLX
2026-08-24,212QRZG
2026-08-24,212RFBZ
2026-08-24,212RGJB
2026-08-24,212RPDX
2026-08-24,212RPWF
2026-08-24,212RYBR
2026-08-24,212SGMP
2026-08-24,212TBBJ
2026-08-24,212TMRP
2026-08-24,212TTMY
2026-08-24,212VDFP
2026-08-24,212VFFM
2026-08-24,212VFSH
2026-08-24,212VHNV
2026-08-24,212VHQM
2026-08-24,212VJMZ
2026-08-24,212VPVJ
2026-08-24,212VVRK
2026-08-24,212VWPJ
2026-08-24,212VWZB
2026-08-24,212VZWV
2026-08-24,212WWML
2026-08-24,212XKSK
2026-08-24,212XKWS
2026-08-24,212XMPF
2026-08-24,212XRPX
2026-08-24,212XRWC
2026-08-24,212YFNC
2026-08-24,212YGKW
2026-08-24,212YSHJ
2026-08-24,212YYXJ
2026-08-24,212ZHVP
2026-08-24,212ZTTV
2026-08-24,212ZWSK
2026-08-24,212ZXLR
2026-08-24,213BHFF
2026-08-24,213BKXW
2026-08-24,213BNCW
2026-08-24,213BVTB
2026-08-24,213BXYF
2026-08-24,213BZVD
2026-08-24,213CFXN
2026-08-24,2393226
2026-08-24,2395866
2026-08-24,2427340
2026-08-24,2849107
2026-08-24,3219430
2026-08-24,3333073
2026-08-24,3444184
2026-08-24,3461497
2026-08-24,3488356
2026-08-24,3535187
2026-08-24,3535229
2026-08-24,3559396
2026-08-24,3617339
2026-08-24,3617352
2026-08-24,3646938
2026-08-24,3684719
2026-08-24,3851440
2026-08-24,3858563
2026-08-24,3858709
2026-08-24,3998900
2026-08-24,4066275
2026-08-24,4130233
2026-08-24,4196276
2026-08-24,4208880
2026-08-24,4298624
2026-08-24,4316555
2026-08-24,4317222
2026-08-24,4317834
2026-08-24,4318145
2026-08-24,4318850
2026-08-24,4319968
2026-08-24,4341625
2026-08-24,4341771
2026-08-24,4397173
2026-08-24,4398493
2026-08-24,4490251
2026-08-24,4519882
2026-08-24,4520012
2026-08-24,4570642
2026-08-24,4587914
2026-08-24,4607015
2026-08-24,4630614
2026-08-24,4632418
2026-08-24,4634529
2026-08-24,4634849
2026-08-24,4655816
2026-08-24,4673763
2026-08-24,4673766
2026-08-24,4710200
2026-08-24,4746841
2026-08-24,4758998
2026-08-24,4782396
2026-08-24,4893651
2026-08-24,4954940
2026-08-24,5006247
2026-08-24,5042643
2026-08-24,5069119
2026-08-24,5079403
2026-08-24,5131291
2026-08-24,5133836
2026-08-24,5142025
2026-08-24,5155945
2026-08-24,5193283
2026-08-24,5201009
2026-08-24,5202950
2026-08-24,5202959
2026-08-24,5203120
2026-08-24,5207153
2026-08-24,5225440
2026-08-24,5227728
2026-08-24,5227732
2026-08-24,5340474
2026-08-24,5340926
2026-08-24,5356015
2026-08-24,5358215
2026-08-24,5362340
2026-08-24,5363660
2026-08-24,5385424
2026-08-24,5395547
2026-08-24,5397637
2026-08-24,5433976
2026-08-24,5436555
2026-08-24,5436567
2026-08-24,5436569
2026-08-24,5436574
2026-08-24,5436594
2026-08-24,5470747
2026-08-24,5470748
2026-08-24,5489895
2026-08-24,5489909
2026-08-24,5496058
2026-08-24,5503391
2026-08-24,5506322
2026-08-24,5506409
2026-08-24,5509807
2026-08-24,5519282
2026-08-24,5548247
2026-08-24,5549913
2026-08-24,5557655
2026-08-24,5587028
2026-08-24,5594315
2026-08-24,5596957
2026-08-24,5599901
2026-08-24,5614638
2026-08-24,5620729
2026-08-24,5629286
2026-08-24,5629962
2026-08-24,5634001
2026-08-24,5655085
2026-08-24,5658992
2026-08-24,5665425
2026-08-24,5665612
2026-08-24,5665839
2026-08-24,5665901
2026-08-24,5671632
2026-08-24,5671775
2026-08-24,5684894
2026-08-24,5684981
2026-08-24,5690333
2026-08-24,5699764
2026-08-24,5700448
2026-08-24,5707363
2026-08-24,5707600
2026-08-24,5711038
2026-08-24,5725694
2026-08-24,5737785
2026-08-24,5738073
2026-08-24,5739442
2026-08-24,5739448
2026-08-24,5742738
2026-08-24,5777721
2026-08-24,5777981
2026-08-24,5778447
2026-08-24,5787434
2026-08-24,5791510
2026-08-24,5793039
2026-08-24,5801477
2026-08-24,5821158
2026-08-24,5830975
2026-08-24,5832423
2026-08-24,5833007
2026-08-24,5857386
2026-08-24,5857533
2026-08-24,5870941
2026-08-24,5880211
2026-08-24,5880909
2026-08-24,5882452
2026-08-24,5885391
2026-08-24,5885930
2026-08-24,5909906
2026-08-24,5930010
2026-08-24,5933806
2026-08-24,5942873
2026-08-24,5944267
2026-08-24,5945622
2026-08-24,5953750
2026-08-24,5959862
2026-08-24,5959875
2026-08-24,5971477
2026-08-24,5972730
2026-08-24,5972977
2026-08-24,6003131
2026-08-24,6003150
2026-08-24,6018097
2026-08-24,6018232
2026-08-24,6026830
2026-08-24,6029728
2026-08-24,6029796
2026-08-24,6033744
2026-08-24,6037858
2026-08-24,6039743
2026-08-24,6039833
2026-08-24,6039834
2026-08-24,6039856
2026-08-24,6045584
2026-08-24,6058699
2026-08-24,6074487
2026-08-24,6076694
2026-08-24,6078799
2026-08-24,6079077
2026-08-24,6079320
2026-08-24,6084059
2026-08-24,6085528
2026-08-24,6086170
2026-08-24,6086171
2026-08-24,6086177
2026-08-24,6086448
2026-08-24,6088727
2026-08-24,6088740
2026-08-24,6090089
2026-08-24,6090092
2026-08-24,6107750
2026-08-24,6108354
2026-08-24,6108513
2026-08-24,6109572
2026-08-24,6109577
2026-08-24,6112423
2026-08-24,6115379
2026-08-24,6117188
2026-08-24,6117320
2026-08-24,6119928
2026-08-24,6120728
2026-08-24,6120736
2026-08-24,6120749
2026-08-24,6122062
2026-08-24,6124390
2026-08-24,6124465
2026-08-24,6124466
2026-08-24,6124474
2026-08-24,6138570
2026-08-24,6138601
2026-08-24,6141304
2026-08-24,6142055
2026-08-24,6142514
2026-08-24,6143806
2026-08-24,6149512
2026-08-24,6152406
2026-08-24,6169404
2026-08-24,6169434
2026-08-24,6181714
2026-08-24,6183228
2026-08-24,6189165
2026-08-24,6202157
2026-08-24,6203697
2026-08-24,6203702
2026-08-24,6203706
2026-08-24,6204698
2026-08-24,6205230
2026-08-24,6205322
2026-08-24,6206210
2026-08-24,6207739
2026-08-24,6207903
2026-08-24,6207908
2026-08-24,6217103
2026-08-24,6217104
2026-08-24,6217122
2026-08-24,6217352
2026-08-24,6226719
2026-08-24,6226745
2026-08-24,6226766
2026-08-24,6232069
2026-08-24,6234143
2026-08-24,6240246
2026-08-24,6240796
2026-08-24,6241687
2026-08-24,6242134
2026-08-24,6242141
2026-08-24,6242145
2026-08-24,6242155
2026-08-24,6244037
2026-08-24,6244456
2026-08-24,6244989
2026-08-24,6245051
2026-08-24,6245172
2026-08-24,6245173
2026-08-24,6245180
2026-08-24,6245181
2026-08-24,6245185
2026-08-24,6265228
2026-08-24,6265242
2026-08-24,6266313
2026-08-24,6268996
2026-08-24,6277000
2026-08-24,6277738
2026-08-24,6278003
2026-08-24,6278304
2026-08-24,6278369
2026-08-24,6280558
2026-08-24,6280637
2026-08-24,6283454
2026-08-24,6284052
2026-08-24,6284088
2026-08-24,6284532
2026-08-24,6284555
2026-08-24,6288677
2026-08-24,6288710
2026-08-24,6304603
2026-08-24,6304626
2026-08-24,6304779
2026-08-24,6305363
2026-08-24,6306199
2026-08-24,6306621
2026-08-24,6306636
2026-08-24,6307602
2026-08-24,6307966
2026-08-24,6315202
2026-08-24,6318551
2026-08-24,6320330
2026-08-24,6320423
2026-08-24,6320501
2026-08-24,6323476
2026-08-24,6323833
2026-08-24,6324332
2026-08-24,6325841
2026-08-24,6326247
2026-08-24,6338217
2026-08-24,6341269
2026-08-24,6341769
2026-08-24,6341936
2026-08-24,6341937
2026-08-24,6341959
2026-08-24,6344745
2026-08-24,6344763
2026-08-24,6344771
2026-08-24,6344775
2026-08-24,6346869
2026-08-24,6349492
2026-08-24,6354745
2026-08-24,6354853
2026-08-24,6355316
2026-08-24,6356441
2026-08-24,6356454
2026-08-24,6357545
2026-08-24,6357546
2026-08-24,6357548
2026-08-24,6359260
2026-08-24,6359503
2026-08-24,6359852
2026-08-24,6378251
2026-08-24,6378295
2026-08-24,6378365
2026-08-24,6380064
2026-08-24,6381797
2026-08-24,6381878
2026-08-24,6381885
2026-08-24,6382786
2026-08-24,6388791
2026-08-24,6396133
2026-08-24,6396797
2026-08-24,6396867
2026-08-24,6397017
2026-08-24,6397732
2026-08-24,6398145
2026-08-24,6399853
2026-08-24,6400321
2026-08-24,6401510
2026-08-24,6402284
2026-08-24,6414963
2026-08-24,6417727
2026-08-24,6417943
2026-08-24,6419164
2026-08-24,6419275
2026-08-24,6424878
2026-08-24,6425687
2026-08-24,6425711
2026-08-24,6429014
2026-08-24,6429019
2026-08-24,6429021
2026-08-24,6429100
2026-08-24,6429317
2026-08-24,6429353
2026-08-24,6429386
2026-08-24,6430067
2026-08-24,6430315
2026-08-24,6430326
2026-08-24,6430354
2026-08-24,6430376
2026-08-24,6430420
2026-08-24,6430435
2026-08-24,6430490
2026-08-24,6431186
2026-08-24,6433165
2026-08-24,6435783
2026-08-24,6435835
2026-08-24,6435885
2026-08-24,6435913
2026-08-24,6436183
2026-08-24,6436377
2026-08-24,8127661
2026-08-31,0020136
2026-08-31,0194951
2026-08-31,0197268
2026-08-31,0412313
2026-08-31,0412786
2026-08-31,0483832
2026-08-31,0990762
2026-08-31,1590204
2026-08-31,1720457
2026-08-31,1762853
2026-08-31,1917828
2026-08-31,1918009
2026-08-31,1918184
2026-08-31,1918195
2026-08-31,1918201
2026-08-31,1918204
2026-08-31,1918210
2026-08-31,1918344
2026-08-31,1918398
2026-08-31,203KFZL
2026-08-31,2044499
2026-08-31,2056685
2026-08-31,206MMXC
2026-08-31,206RHRP
2026-08-31,208BNFF
2026-08-31,208GHBL
2026-08-31,208XSBK
2026-08-31,209HPND
2026-08-31,209SPGN
2026-08-31,209ZLVD
2026-08-31,210FJKM
2026-08-31,210JQWV
2026-08-31,210KJYH
2026-08-31,210NMLG
2026-08-31,210QQSX
2026-08-31,211BMTD
2026-08-31,211BQXG
2026-08-31,211FDMV
2026-08-31,211LRNF
2026-08-31,211QRQL
2026-08-31,211SKWW
2026-08-31,211SMNL
2026-08-31,211WGHP
2026-08-31,211WRGH
2026-08-31,211XZCW
2026-08-31,211YBNX
2026-08-31,212BLXF
2026-08-31,212CGMW
2026-08-31,212CNQH
2026-08-31,212CWBC
2026-08-31,212DCLY
2026-08-31,212FHYV
2026-08-31,212FNXX
2026-08-31,212GGZC
2026-08-31,212GLHJ
2026-08-31,212GLHM
2026-08-31,212GPNC
2026-08-31,212GQYJ
2026-08-31,212GWSB
2026-08-31,212GZGP
2026-08-31,212HGCT
2026-08-31,212HYKK
2026-08-31,212JBMF
2026-08-31,212JNVS
2026-08-31,212JYML
2026-08-31,212KQNN
2026-08-31,212KTFN
2026-08-31,212KTGB
2026-08-31,212KTGW
2026-08-31,212LMGG
2026-08-31,212LMQZ
2026-08-31,212LQCB
2026-08-31,212MJJP
2026-08-31,212MVQP
2026-08-31,212MXBQ
2026-08-31,212NBNW
2026-08-31,212NNZK
2026-08-31,212PNNQ
2026-08-31,212PSWJ
2026-08-31,212PWLX
2026-08-31,212QRZG
2026-08-31,212RFBZ
2026-08-31,212RGJB
2026-08-31,212RPDX
2026-08-31,212RPWF
2026-08-31,212RYBR
2026-08-31,212SGMP
2026-08-31,212TBBJ
2026-08-31,212TMRP
2026-08-31,212TTMY
2026-08-31,212VDFP
2026-08-31,212VFFM
2026-08-31,212VFSH
2026-08-31,212VHNV
2026-08-31,212VHQM
2026-08-31,212VJMZ
2026-08-31,212VPVJ
2026-08-31,212VVRK
2026-08-31,212VWPJ
2026-08-31,212VWZB
2026-08-31,212VZWV
2026-08-31,212WWML
2026-08-31,212XKSK
2026-08-31,212XKWS
2026-08-31,212XMPF
2026-08-31,212XRPX
2026-08-31,212XRYP
2026-08-31,212YFNC
2026-08-31,212YGKW
2026-08-31,212YSHJ
2026-08-31,212YYXJ
2026-08-31,212ZHVP
2026-08-31,212ZTTV
2026-08-31,212ZWSK
2026-08-31,212ZWZX
2026-08-31,212ZXLR
2026-08-31,213BHFF
2026-08-31,213BKXW
2026-08-31,213BNCW
2026-08-31,213BVTB
2026-08-31,213BXYF
2026-08-31,213BZVD
2026-08-31,213CFXN
2026-08-31,213CNNN
2026-08-31,213CXWS
2026-08-31,213DGJM
2026-08-31,213DGMC
2026-08-31,213DJPS
2026-08-31,2393226
2026-08-31,2395866
2026-08-31,2427340
2026-08-31,2849107
2026-08-31,3219430
2026-08-31,3333073
2026-08-31,3444184
2026-08-31,3461497
2026-08-31,3488356
2026-08-31,3535187
2026-08-31,3535229
2026-08-31,3559396
2026-08-31,3617339
2026-08-31,3617352
2026-08-31,3646938
2026-08-31,3684719
2026-08-31,3851440
2026-08-31,3858563
2026-08-31,3858709
2026-08-31,3998900
2026-08-31,4066275
2026-08-31,4130233
2026-08-31,4196276
2026-08-31,4208880
2026-08-31,4298624
2026-08-31,4316555
2026-08-31,4317222
2026-08-31,4317834
2026-08-31,4318145
2026-08-31,4318850
2026-08-31,4319968
2026-08-31,4341625
2026-08-31,4341771
2026-08-31,4397173
2026-08-31,4398493
2026-08-31,4490251
2026-08-31,4519882
2026-08-31,4520012
2026-08-31,4570642
2026-08-31,4587914
2026-08-31,4607015
2026-08-31,4630614
2026-08-31,4632418
2026-08-31,4634529
2026-08-31,4634849
2026-08-31,4655816
2026-08-31,4673763
2026-08-31,4673766
2026-08-31,4710200
2026-08-31,4746841
2026-08-31,4758998
2026-08-31,4782396
2026-08-31,4893651
2026-08-31,4954940
2026-08-31,5006247
2026-08-31,5062741
2026-08-31,5069119
2026-08-31,5079403
2026-08-31,5131291
2026-08-31,5133836
2026-08-31,5142025
2026-08-31,5155945
2026-08-31,5193283
2026-08-31,5202950
2026-08-31,5202959
2026-08-31,5203120
2026-08-31,5207153
2026-08-31,5225440
2026-08-31,5227728
2026-08-31,5227732
2026-08-31,5340926
2026-08-31,5356015
2026-08-31,5358215
2026-08-31,5362340
2026-08-31,5363660
2026-08-31,5385424
2026-08-31,5395547
2026-08-31,5397637
2026-08-31,5433976
2026-08-31,5436555
2026-08-31,5436567
2026-08-31,5436569
2026-08-31,5436574
2026-08-31,5436594
2026-08-31,5470747
2026-08-31,5470748
2026-08-31,5489895
2026-08-31,5489909
2026-08-31,5496058
2026-08-31,5503391
2026-08-31,5506322
2026-08-31,5506409
2026-08-31,5509807
2026-08-31,5519282
2026-08-31,5548247
2026-08-31,5549913
2026-08-31,5557655
2026-08-31,5587028
2026-08-31,5594315
2026-08-31,5596957
2026-08-31,5599901
2026-08-31,5614638
2026-08-31,5620729
2026-08-31,5629286
2026-08-31,5629962
2026-08-31,5634001
2026-08-31,5655085
2026-08-31,5658992
2026-08-31,5665425
2026-08-31,5665612
2026-08-31,5665839
2026-08-31,5665901
2026-08-31,5671632
2026-08-31,5671775
2026-08-31,5684981
2026-08-31,5690333
2026-08-31,5699764
2026-08-31,5700448
2026-08-31,5707600
2026-08-31,5711038
2026-08-31,5725694
2026-08-31,5737785
2026-08-31,5738073
2026-08-31,5739442
2026-08-31,5739448
2026-08-31,5742738
2026-08-31,5777721
2026-08-31,5777981
2026-08-31,5778447
2026-08-31,5787434
2026-08-31,5791510
2026-08-31,5801477
2026-08-31,5821158
2026-08-31,5830975
2026-08-31,5832423
2026-08-31,5833007
2026-08-31,5857386
2026-08-31,5857533
2026-08-31,5870941
2026-08-31,5880211
2026-08-31,5880909
2026-08-31,5882452
2026-08-31,5885391
2026-08-31,5885930
2026-08-31,5909906
2026-08-31,5930010
2026-08-31,5933806
2026-08-31,5942873
2026-08-31,5944267
2026-08-31,5945622
2026-08-31,5953750
2026-08-31,5959862
2026-08-31,5959875
2026-08-31,5971477
2026-08-31,5972730
2026-08-31,5972977
2026-08-31,6003131
2026-08-31,6003150
2026-08-31,6018097
2026-08-31,6018232
2026-08-31,6026830
2026-08-31,6029728
2026-08-31,6029796
2026-08-31,6033744
2026-08-31,6039833
2026-08-31,6039834
2026-08-31,6039856
2026-08-31,6076694
2026-08-31,6078799
2026-08-31,6079077
2026-08-31,6079320
2026-08-31,6084059
2026-08-31,6085528
2026-08-31,6086170
2026-08-31,6086171
2026-08-31,6086177
2026-08-31,6086448
2026-08-31,6088727
2026-08-31,6088740
2026-08-31,6090089
2026-08-31,6090092
2026-08-31,6107750
2026-08-31,6108354
2026-08-31,6108513
2026-08-31,6109572
2026-08-31,6109577
2026-08-31,6112423
2026-08-31,6115379
2026-08-31,6117188
2026-08-31,6117320
2026-08-31,6119928
2026-08-31,6120728
2026-08-31,6120736
2026-08-31,6120749
2026-08-31,6122062
2026-08-31,6124390
2026-08-31,6124465
2026-08-31,6124466
2026-08-31,6124474
2026-08-31,6138570
2026-08-31,6138601
2026-08-31,6141304
2026-08-31,6142055
2026-08-31,6142514
2026-08-31,6143806
2026-08-31,6149512
2026-08-31,6152406
2026-08-31,6169335
2026-08-31,6169348
2026-08-31,6169380
2026-08-31,6169404
2026-08-31,6169434
2026-08-31,6181714
2026-08-31,6183228
2026-08-31,6189165
2026-08-31,6202157
2026-08-31,6203697
2026-08-31,6203702
2026-08-31,6203706
2026-08-31,6204698
2026-08-31,6205230
2026-08-31,6205322
2026-08-31,6206210
2026-08-31,6207739
2026-08-31,6207903
2026-08-31,6207908
2026-08-31,6217103
2026-08-31,6217104
2026-08-31,6217122
2026-08-31,6217352
2026-08-31,6226719
2026-08-31,6226745
2026-08-31,6226766
2026-08-31,6234143
2026-08-31,6240246
2026-08-31,6240796
2026-08-31,6241687
2026-08-31,6242134
2026-08-31,6242141
2026-08-31,6242145
2026-08-31,6242155
2026-08-31,6244037
2026-08-31,6244456
2026-08-31,6245051
2026-08-31,6245172
2026-08-31,6245173
2026-08-31,6245180
2026-08-31,6245181
2026-08-31,6245185
2026-08-31,6265228
2026-08-31,6265242
2026-08-31,6266313
2026-08-31,6268996
2026-08-31,6277000
2026-08-31,6277738
2026-08-31,6278003
2026-08-31,6278304
2026-08-31,6278369
2026-08-31,6280558
2026-08-31,6280637
2026-08-31,6283454
2026-08-31,6284052
2026-08-31,6284088
2026-08-31,6284532
2026-08-31,6284555
2026-08-31,6288677
2026-08-31,6288710
2026-08-31,6304247
2026-08-31,6304603
2026-08-31,6304626
2026-08-31,6304779
2026-08-31,6305363
2026-08-31,6306199
2026-08-31,6306621
2026-08-31,6306636
2026-08-31,6307602
2026-08-31,6307966
2026-08-31,6318551
2026-08-31,6320330
2026-08-31,6320423
2026-08-31,6320501
2026-08-31,6323476
2026-08-31,6323833
2026-08-31,6324332
2026-08-31,6325841
2026-08-31,6326247
2026-08-31,6338217
2026-08-31,6341269
2026-08-31,6341769
2026-08-31,6341936
2026-08-31,6341937
2026-08-31,6341959
2026-08-31,6344745
2026-08-31,6344763
2026-08-31,6344771
2026-08-31,6344775
2026-08-31,6346869
2026-08-31,6349492
2026-08-31,6354745
2026-08-31,6354853
2026-08-31,6355316
2026-08-31,6356441
2026-08-31,6356454
2026-08-31,6357545
2026-08-31,6357546
2026-08-31,6357548
2026-08-31,6359260
2026-08-31,6359852
2026-08-31,6378251
2026-08-31,6378295
2026-08-31,6378365
2026-08-31,6380064
2026-08-31,6381797
2026-08-31,6381878
2026-08-31,6381885
2026-08-31,6382786
2026-08-31,6382837
2026-08-31,6388791
2026-08-31,6396133
2026-08-31,6396797
2026-08-31,6396867
2026-08-31,6397017
2026-08-31,6397732
2026-08-31,6398145
2026-08-31,6399853
2026-08-31,6400321
2026-08-31,6401510
2026-08-31,6402284
2026-08-31,6414963
2026-08-31,6417943
2026-08-31,6419164
2026-08-31,6419275
2026-08-31,6424878
2026-08-31,6425687
2026-08-31,6425711
2026-08-31,6429014
2026-08-31,6429019
2026-08-31,6429021
2026-08-31,6429100
2026-08-31,6429317
2026-08-31,6429353
2026-08-31,6429386
2026-08-31,6430067
2026-08-31,6430315
2026-08-31,6430326
2026-08-31,6430354
2026-08-31,6430376
2026-08-31,6430420
2026-08-31,6430435
2026-08-31,6430490
2026-08-31,6431186
2026-08-31,6433165
2026-08-31,6435783
2026-08-31,6435835
2026-08-31,6435885
2026-08-31,6435913
2026-08-31,6436183
2026-08-31,6436377
2026-08-31,6462188
2026-08-31,6462242
2026-08-31,6462298
2026-08-31,6462358
2026-08-31,6462362
2026-08-31,6467434
2026-08-31,6467491
2026-08-31,8127661
